Région,Ville,Nom du maire,Date de prise de fonction,Téléphone,Email,Adresse mairie,URL
"Auvergne-Rhône-Alpes","Aboën (42380)","M. Christian JOUVE","25/05/2020","04 77 50 35 12"," mairie-daboen@wanadoo.fr ","120 place des Tilleuls 42380 Aboën","https://www.mon-maire.fr/maire-de-aboen-42"
"Auvergne-Rhône-Alpes","Aydat (63970)","M. Franck SERRE","25/05/2020","04 73 79 37 15"," secretariat@mairieaydat.fr ","2 place de lÉglise 63970 Aydat","https://www.mon-maire.fr/maire-de-aydat-63"
"Auvergne-Rhône-Alpes","Bouchet (26790)","M. Jean-Michel AVIAS","25/05/2020","04 75 04 80 11"," contact@mairie-bouchet.com ","4 place de la Mairie 26790 Bouchet","https://www.mon-maire.fr/maire-de-bouchet-26"
"Auvergne-Rhône-Alpes","Chanas (38150)","M. Jean-Charles MALATRAIT","24/05/2020","04 74 84 33 77"," contact@mairie-chanas.fr ","8 place de France CS 80629 38150 Chanas","https://www.mon-maire.fr/maire-de-chanas-38"
"Auvergne-Rhône-Alpes","Cistrières (43160)","Mme Sylvie BARBÉ","27/05/2020","04 71 00 02 47"," mairiecistrieres@orange.fr ","Le Bourg 43160 Cistrières","https://www.mon-maire.fr/maire-de-cistrieres-43"
"Auvergne-Rhône-Alpes","Désaignes (07570)","M. François SOUBEYRAND","23/05/2020","04 75 06 61 49"," mairie@desaignes.fr ","130 place de la Mairie 07570 Désaignes","https://www.mon-maire.fr/maire-de-desaignes-07"
"Auvergne-Rhône-Alpes","Francheleins (01090)","M. Jean-Michel LUX","25/05/2020","04 74 69 31 74"," mairie.francheleins@k-net.fr ","611 Grande rue 01090 Francheleins","https://www.mon-maire.fr/maire-de-francheleins-01"
"Auvergne-Rhône-Alpes","L'Étrat (42580)","M. Yves MORAND","27/05/2020","04 77 91 31 31"," etrat.mairie@orange.fr ","175 rue de Verdun BP 7 42580 L'Étrat","https://www.mon-maire.fr/maire-de-letrat-42"
"Auvergne-Rhône-Alpes","Lamothe (43100)","M. Alain JARLIER","26/05/2020","04 71 76 44 40"," mairie.lamothe@wanadoo.fr ","12 rue de Vialle 43100 Lamothe","https://www.mon-maire.fr/maire-de-lamothe-43"
"Auvergne-Rhône-Alpes","Les Houches (74310)","Mme Ghislaine BOSSONNEY","28/06/2020","04 50 54 40 04"," mairie@leshouches.fr ","1 place de la Mairie BP 1 74310 Les Houches","https://www.mon-maire.fr/maire-de-les-houches-74"
"Auvergne-Rhône-Alpes","Mauriac (15200)","Mme Edwige ZANCHI","27/05/2020","04 71 68 01 85"," mairie@mauriac.fr ","20 place Georges-Pompidou 15200 Mauriac","https://www.mon-maire.fr/maire-de-mauriac-15"
"Auvergne-Rhône-Alpes","Montriond (74110)","M. Jean-Claude DENNE","18/05/2020","04 50 79 14 14"," mairie@montriond.fr ","15 Vieille-Route 74110 Montriond","https://www.mon-maire.fr/maire-de-montriond-74"
"Auvergne-Rhône-Alpes","Perpezat (63210)","M. Patrice FAURE","23/05/2020","04 73 65 81 24"," mairie.perpezat@wanadoo.fr ","Le Bourg 63210 Perpezat","https://www.mon-maire.fr/maire-de-perpezat-63"
"Auvergne-Rhône-Alpes","Rivas (42340)","M. Bruno CHALAYER","26/05/2020","04 77 54 63 43"," mairie.rivas@wanadoo.fr ","2 place de l'Église 42340 Rivas","https://www.mon-maire.fr/maire-de-rivas-42"
"Auvergne-Rhône-Alpes","Saint-Christophe-d'Allier (43340)","M. Philippe CHAM","27/05/2020","04 66 69 63 36"," christian.pougnet@wanadoo.fr ","Le Bourg 43340 Saint-Christophe-d'Allier","https://www.mon-maire.fr/maire-de-saint-christophe-dallier-43"
"Auvergne-Rhône-Alpes","Saint-Jacques-des-Blats (15800)","Mme Linda BENARD","03/07/2020","04 71 47 05 90"," mairie-st-jacques-des-blats@orange.fr ","Le Bourg 15800 Saint-Jacques-des-Blats","https://www.mon-maire.fr/maire-de-saint-jacques-des-blats-15"
"Auvergne-Rhône-Alpes","Saint-Nicolas-de-Macherin (38500)","M. Freddy REY","25/05/2020","04 76 06 01 54"," mairie.stnicolasdemacherin@wanadoo.fr ","180 route de Chirens 38500 Saint-Nicolas-de-Macherin","https://www.mon-maire.fr/maire-de-saint-nicolas-de-macherin-38"
"Auvergne-Rhône-Alpes","Saint-Vincent-de-Reins (69240)","M. Jean-François TERRIER","25/05/2020","04 74 89 60 15"," mairie@stvincentdereins.fr ","25 rue Centrale 69240 Saint-Vincent-de-Reins","https://www.mon-maire.fr/maire-de-saint-vincent-de-reins-69"
"Auvergne-Rhône-Alpes","Soyons (07130)","M. Hervé COULMONT","25/05/2020","04 75 60 93 12"," mairie@soyons.fr ","75 rue Vincent-d'Indy 07130 Soyons","https://www.mon-maire.fr/maire-de-soyons-07"
"Auvergne-Rhône-Alpes","Vaudevant (07410)","Mme Laëtitia BOURJAT","23/05/2020","04 75 06 00 88"," mairie@vaudevant.fr ","60 rue de lÉglise 07410 Vaudevant","https://www.mon-maire.fr/maire-de-vaudevant-07"
"Auvergne-Rhône-Alpes","Voingt (63620)","M. Josias GARCIA","28/05/2020","04 73 21 76 39"," mairie-voingt63@wanadoo.fr ","Le Bourg 63620 Voingt","https://www.mon-maire.fr/maire-de-voingt-63"
"Bourgogne-Franche-Comté","Abbans-Dessous (25320)","Mme Chantal VIPREY","01/06/2020","03 81 63 75 72"," mairie.abbansdessous@orange.fr ","22 rue Jouffroy-d'Abbans 25320 Abbans-Dessous","https://www.mon-maire.fr/maire-de-abbans-dessous-25"
"Bourgogne-Franche-Comté","Avot (21580)","M. Bernard GUILLEMOT","25/05/2020","03 80 75 62 98"," mairie.avot@wanadoo.fr ","4 rue de Travot 21580 Avot","https://www.mon-maire.fr/maire-de-avot-21"
"Bourgogne-Franche-Comté","Bonnevaux (25560)","Mme Monique BRULPORT","25/05/2020","03 81 89 73 27"," mairie.bonnevaux25@wanadoo.fr ","4 rue de l'Église 25560 Bonnevaux","https://www.mon-maire.fr/maire-de-bonnevaux-25"
"Bourgogne-Franche-Comté","Chamesey (25380)","M. Johann DEVAUX","02/06/2020","03 81 44 32 34"," mairie.chamesey@wanadoo.fr ","5 rue des Tilleuls 25380 Chamesey","https://www.mon-maire.fr/maire-de-chamesey-25"
"Bourgogne-Franche-Comté","Chevannay (21540)","M. Paul LACHOT","23/05/2020","03 80 35 85 96"," mairie.chevannay@orange.fr ","4 rue du Paradis 21540 Chevannay","https://www.mon-maire.fr/maire-de-chevannay-21"
"Bourgogne-Franche-Comté","Crouzet-Migette (25270)","M. Michel DEBRAY","01/06/2020","03 81 49 61 14"," mairiecrouzetmigette@orange.fr ","Place du Niaud 25270 Crouzet-Migette","https://www.mon-maire.fr/maire-de-crouzet-migette-25"
"Bourgogne-Franche-Comté","Esmoulins (70100)","M. Didier CHEMINOT","28/05/2020","03 84 67 43 72"," mairie.esmoulins@wanadoo.fr ","Rue de la Mairie 70100 Esmoulins","https://www.mon-maire.fr/maire-de-esmoulins-70"
"Bourgogne-Franche-Comté","Gellin (25240)","Mme Jeannine ROBBE","01/06/2020","03 81 69 28 92"," mairie.gellin@wanadoo.fr ","3 chemin Louis-Pergaud 25240 Gellin","https://www.mon-maire.fr/maire-de-gellin-25"
"Bourgogne-Franche-Comté","Jussy (89290)","M. Patrick BARBOTIN","18/05/2020","03 86 53 33 78"," mairie.jussy@wanadoo.fr ","Grande rue 89290 Jussy","https://www.mon-maire.fr/maire-de-jussy-89"
"Bourgogne-Franche-Comté","Le Bizot (25210)","Mme Marlène RENAUD","01/06/2020","03 81 43 82 61"," mairie.lebizot@wanadoo.fr ","1 rue Maurice-Vermot 25210 Le Bizot","https://www.mon-maire.fr/maire-de-le-bizot-25"
"Bourgogne-Franche-Comté","Magny-Saint-Médard (21310)","M. François BOLOT","03/07/2020","03 80 36 74 58"," mairie-magny.st-medard@wanadoo.fr ","11 rue de l'Église 21310 Magny-Saint-Médard","https://www.mon-maire.fr/maire-de-magny-saint-medard-21"
"Bourgogne-Franche-Comté","Monnet-la-Ville (39300)","M. Jean-Marie VOISIN","23/05/2020","03 84 51 26 46"," mairie.monnetla-ville@wanadoo.fr ","1 rue Marcel-Hugon 39300 Monnet-la-Ville","https://www.mon-maire.fr/maire-de-monnet-la-ville-39"
"Bourgogne-Franche-Comté","Noiron-sous-Gevrey (21910)","M. Olivier PIRAT","26/05/2020","03 80 36 64 24"," mairie.noiron.s.gevrey@orange.fr ","10 rue de l'Église 21910 Noiron-sous-Gevrey","https://www.mon-maire.fr/maire-de-noiron-sous-gevrey-21"
"Bourgogne-Franche-Comté","Pont-et-Massène (21140)","M. Patrick ROUX","05/07/2020","03 80 97 25 72"," commune-pont-et-massene@orange.fr ","4 bis rue du Lac 21140 Pont-et-Massène","https://www.mon-maire.fr/maire-de-pont-et-massene-21"
"Bourgogne-Franche-Comté","Saillenard (71580)","M. Jean SIMONIN","23/05/2020","03 85 74 10 67"," mairie.saillenard@wanadoo.fr ","136 rue de l'Église 71580 Saillenard","https://www.mon-maire.fr/maire-de-saillenard-71"
"Bourgogne-Franche-Comté","Saint-Pierre-du-Mont (58210)","M. Jean Jacques MEY","28/06/2020","03 86 27 32 05"," mairiesaintpierredumont@wanadoo.fr ","La Pouge 58210 Saint-Pierre-du-Mont","https://www.mon-maire.fr/maire-de-saint-pierre-du-mont-58"
"Bourgogne-Franche-Comté","Servin (25430)","M. Régis DURUPT","01/06/2020","03 81 60 46 06"," mairie-servin@orange.fr ","3 rue de l'Église 25430 Servin","https://www.mon-maire.fr/maire-de-servin-25"
"Bourgogne-Franche-Comté","Valdahon (25800)","Mme Sylvie LE HIR","01/06/2020","03 81 56 23 88"," mairie@valdahon.com ","1 rue de l'Hôtel-de-Ville BP 37 25800 Valdahon","https://www.mon-maire.fr/maire-de-valdahon-25"
"Bourgogne-Franche-Comté","Villeparois (70000)","M. Michel BOURGEOIS","27/05/2020","03 84 75 29 28"," mairie.villeparois@wanadoo.fr ","7 rue de Prételon 70000 Villeparois","https://www.mon-maire.fr/maire-de-villeparois-70"
"Bretagne","Acigné (35690)","M. Olivier DEHAESE","25/05/2020","02 99 04 30 00"," mairie@ville-acigne.fr ","Place de la Mairie 35690 Acigné","https://www.mon-maire.fr/maire-de-acigne-35"
"Bretagne","Eancé (35640)","M. Raymond SOULAS","19/05/2020","02 99 47 92 08"," mairie.eance@wanadoo.fr ","1 place de la Mairie 35640 Eancé","https://www.mon-maire.fr/maire-de-eance-35"
"Bretagne","Landebaëron (22140)","M. Sébastien TONDEREAU","28/05/2020","02 96 43 23 26"," mairie.landebaeron@orange.fr ","Hent-Skol 22140 Landebaëron","https://www.mon-maire.fr/maire-de-landebaeron-22"
"Bretagne","Mespaul (29420)","M. Bernard FLOCH","03/07/2020","02 98 61 57 03"," mairie.mespaul@wanadoo.fr ","55 rue de la Mairie 29420 Mespaul","https://www.mon-maire.fr/maire-de-mespaul-29"
"Bretagne","Plourivo (22860)","Mme Véronique CADUDAL","27/05/2020","02 96 55 90 20"," contact@plourivo.fr ","1 place du Bourg 22860 Plourivo","https://www.mon-maire.fr/maire-de-plourivo-22"
"Bretagne","Saint-Léry (56430)","M. Daniel MANENC","23/05/2020","02 97 22 68 76"," mairie.st.lery@wanadoo.fr ","6 rue de la Mairie 56430 Saint-Léry","https://www.mon-maire.fr/maire-de-saint-lery-56"
"Bretagne","Vignoc (35630)","M. Daniel HOUITTE","28/05/2020","02 99 69 82 46"," mairie.vignoc@orange.fr ","12 rue des Écoles 35630 Vignoc","https://www.mon-maire.fr/maire-de-vignoc-35"
"Centre-Val de Loire","Abilly (37160)","M. Christophe DUJON","23/05/2020","02 47 59 78 01"," mairie.abilly@wanadoo.fr ","Place de la Mairie 37160 Abilly","https://www.mon-maire.fr/maire-de-abilly-37"
"Centre-Val de Loire","Brécy (18220)","M. Christian FERRAND","25/05/2020","02 48 66 10 48"," mairie.brecy@wanadoo.fr ","8 rue Saint-Firmin 18220 Brécy","https://www.mon-maire.fr/maire-de-brecy-18"
"Centre-Val de Loire","Cormeray (41120)","M. Joël PASQUET","25/05/2020","02 54 44 26 19"," secretariat@mairie-cormeray.fr ","1 rue de la Buissonnière 41120 Cormeray","https://www.mon-maire.fr/maire-de-cormeray-41"
"Centre-Val de Loire","Germigny-l'Exempt (18150)","M. Olivier BEATRIX","25/05/2020","02 48 74 09 16"," germigny.lexempt@wanadoo.fr ","3 place de la Mairie 18150 Germigny-l'Exempt","https://www.mon-maire.fr/maire-de-germigny-lexempt-18"
"Centre-Val de Loire","Le Petit-Pressigny (37350)","M. Jean-François CRON","07/07/2020","02 47 94 93 59"," mairie.le.petit.pressigny@wanadoo.fr ","1 place du 19-Mars-1962 37350 Le Petit-Pressigny","https://www.mon-maire.fr/maire-de-le-petit-pressigny-37"
"Centre-Val de Loire","Montargis (45200)","M. Benoît DIGEON","03/07/2020","02 38 95 10 00"," secretariat.dgs@montargis.fr ","6 rue Gambetta BP 719 45200 Montargis","https://www.mon-maire.fr/maire-de-montargis-45"
"Centre-Val de Loire","Pouligny-Saint-Martin (36160)","M. Eric WEINLING","18/05/2020","02 54 30 22 88"," mairie.poulignystmartin@wanadoo.fr ","Le Bourg 36160 Pouligny-Saint-Martin","https://www.mon-maire.fr/maire-de-pouligny-saint-martin-36"
"Centre-Val de Loire","Saint-Lubin-en-Vergonnois (41190)","M. Henry BOUSSIQUOT","25/05/2020","02 54 43 22 31"," mairie.stlubin@wanadoo.fr ","Place de la Mairie 41190 Saint-Lubin-en-Vergonnois","https://www.mon-maire.fr/maire-de-saint-lubin-en-vergonnois-41"
"Centre-Val de Loire","Touchay (18160)","Mme Marilyne BROSSAT","05/06/2020","02 48 60 06 59"," mairie.touchay@wanadoo.fr ","3 place Maurice-Utrillo 18160 Touchay","https://www.mon-maire.fr/maire-de-touchay-18"
"Corse","Afa (20167)","M. Ange Pascal MINICONI","23/05/2020","04 95 10 90 00"," afa.mairie@wanadoo.fr ","Afa-Village 20167 Afa","https://www.mon-maire.fr/maire-de-afa-2a"
"Corse","Parata (20229)","Mme Laurence LEONI MAZIERE","25/05/2020","04 95 35 81 65"," commune-de-parata@orange.fr ","Village 20229 Parata","https://www.mon-maire.fr/maire-de-parata-2b"
"Grand Est","Abainville (55130)","M. Jean-Claude HERPIERRE","23/05/2020","03 29 89 65 52"," mairie.abainville@orange.fr ","3 rue Saint-Martin 55130 Abainville","https://www.mon-maire.fr/maire-de-abainville-55"
"Grand Est","Aulnoy-sur-Aube (52160)","M. Bernard ODIN","25/05/2020","06 73 21 02 77"," aulrouger@orange.fr ","Route de la Tuilerie Le Village 52160 Aulnoy-sur-Aube","https://www.mon-maire.fr/maire-de-aulnoy-sur-aube-52"
"Grand Est","Belmont-sur-Vair (88800)","M. Florent HATIER","23/05/2020","03 29 08 20 48"," mairiedebelmontsurvair@orange.fr ","250 rue de la Voie 88800 Belmont-sur-Vair","https://www.mon-maire.fr/maire-de-belmont-sur-vair-88"
"Grand Est","Bouilly (51390)","M. Claude MAUPRIVEZ","18/05/2020","03 26 49 27 92"," commune.bouilly@orange.fr ","2 rue Saint-Caprais 51390 Bouilly","https://www.mon-maire.fr/maire-de-bouilly-51"
"Grand Est","Celsoy (52600)","M. Denis BILLANT","23/05/2020","03 25 84 92 85"," mairie.celsoy@orange.fr ","14 rue Guibert 52600 Celsoy","https://www.mon-maire.fr/maire-de-celsoy-52"
"Grand Est","Cirey-sur-Vezouze (54480)","M. Pascal PLUMET","23/05/2020","03 83 42 50 27"," mairie-de-cirey-sur-vezouze@wanadoo.fr ","1 place Leclerc BP 7 54480 Cirey-sur-Vezouze","https://www.mon-maire.fr/maire-de-cirey-sur-vezouze-54"
"Grand Est","Dampierre (10240)","M. Guy BONCORPS","23/05/2020","03 25 37 61 94"," dampierre.mairie@orange.fr ","8 rue Gibert 10240 Dampierre","https://www.mon-maire.fr/maire-de-dampierre-10"
"Grand Est","Écury-sur-Coole (51240)","M. Marc DEFORGE","18/05/2020","09 72 99 40 80"," mairie.ecurysurcoole@wanadoo.fr ","1 rue de Nuisement 51240 Écury-sur-Coole","https://www.mon-maire.fr/maire-de-ecury-sur-coole-51"
"Grand Est","Folschviller (57730)","M. Didier ZIMNY","18/05/2020","03 87 29 32 90"," maire.folschviller@orange.fr ","Rue d'Usson-du-Poitou BP 100 57730 Folschviller","https://www.mon-maire.fr/maire-de-folschviller-57"
"Grand Est","Goldbach-Altenbach (68760)","M. Jonathan LERCH","25/05/2020","03 89 82 30 14"," mairie.goldbach@wanadoo.fr ","35 rue Principale 68760 Goldbach-Altenbach","https://www.mon-maire.fr/maire-de-goldbach-altenbach-68"
"Grand Est","Hauteville (51290)","M. Olivier CARON","18/05/2020","03 26 72 36 39"," mairie.hauteville51@orange.fr ","Place de la Mairie 51290 Hauteville","https://www.mon-maire.fr/maire-de-hauteville-51"
"Grand Est","Jebsheim (68320)","M. Joël HENNY","28/05/2020","03 89 71 61 40"," commune.jebsheim@wanadoo.fr ","1 place Saint-Martin 68320 Jebsheim","https://www.mon-maire.fr/maire-de-jebsheim-68"
"Grand Est","Laimont (55800)","M. Didier LAURENT","28/05/2020","03 29 70 58 65"," mairie.laimont@wanadoo.fr ","3 rue Basse 55800 Laimont","https://www.mon-maire.fr/maire-de-laimont-55"
"Grand Est","Leschères-sur-le-Blaiseron (52110)","M. Christophe THIEBLEMONT","03/07/2020","03 25 55 94 88"," mairie.lescheres52@wanadoo.fr ","1 place de la Mairie 52110 Leschères-sur-le-Blaiseron","https://www.mon-maire.fr/maire-de-lescheres-sur-le-blaiseron-52"
"Grand Est","Malandry (08370)","Mme Annick DUFILS","23/05/2020","03 24 22 09 17"," mairie.malandry@wanadoo.fr ","Rue des Sept-Fontaines 08370 Malandry","https://www.mon-maire.fr/maire-de-malandry-08"
"Grand Est","Mittelhausbergen (67206)","M. Bernard EGLES","31/05/2020","03 88 56 20 44"," mairie@mittelhausbergen.fr ","46 rue Principale 67206 Mittelhausbergen","https://www.mon-maire.fr/maire-de-mittelhausbergen-67"
"Grand Est","Nanteuil-sur-Aisne (08300)","Mme Marie-Odile ANDRIEUX","23/05/2020","03 24 38 74 24"," communedenanteuilsuraisne@orange.fr ","1 place de la Mairie 08300 Nanteuil-sur-Aisne","https://www.mon-maire.fr/maire-de-nanteuil-sur-aisne-08"
"Grand Est","Ortoncourt (88700)","M. Yannick COLIN","03/07/2020","03 29 65 54 94"," mairie.ortoncourt@orange.fr ","1 rue de l'Ancienne-Gare 88700 Ortoncourt","https://www.mon-maire.fr/maire-de-ortoncourt-88"
"Grand Est","Provenchères-lès-Darney (88260)","M. René THIERY","03/07/2020","03 29 07 42 85"," provenchereslesdarney@orange.fr ","441 rue Principale 88260 Provenchères-lès-Darney","https://www.mon-maire.fr/maire-de-provencheres-les-darney-88"
"Grand Est","Rochesson (88120)","Mme Jeannine BASTIEN","25/05/2020","03 29 61 78 18"," mairie-de-rochesson@wanadoo.fr ","20 Grande rue 88120 Rochesson","https://www.mon-maire.fr/maire-de-rochesson-88"
"Grand Est","Saint-Lambert-et-Mont-de-Jeux (08130)","M. Philippe LIEGEART","23/05/2020","03 24 71 21 52"," mairie.stlambert-mj@wanadoo.fr ","1 rue du Tilleul 08130 Saint-Lambert-et-Mont-de-Jeux","https://www.mon-maire.fr/maire-de-saint-lambert-et-mont-de-jeux-08"
"Grand Est","Scharrachbergheim-Irmstett (67310)","Mme Sylvie THOLÉ","31/05/2020","03 88 50 66 12"," mairie.scharrach@wanadoo.fr ","74 rue Principale 67310 Scharrachbergheim-Irmstett","https://www.mon-maire.fr/maire-de-scharrachbergheim-irmstett-67"
"Grand Est","Strasbourg (67100)","Mme Jeanne BARSEGHIAN","28/06/2020","03 68 98 50 00"," courrier@strasbourg.eu ","1 parc de lÉtoile 67100 Strasbourg","https://www.mon-maire.fr/maire-de-strasbourg-67"
"Grand Est","Vacqueville (54540)","M. Jean-Marie LARDIN","23/05/2020","03 83 75 40 91"," communedevacqueville@wanadoo.fr ","2 rue de la Mairie 54540 Vacqueville","https://www.mon-maire.fr/maire-de-vacqueville-54"
"Grand Est","Ville-devant-Chaumont (55150)","M. Hervé DAUTEL","28/05/2020","03 29 80 06 03"," mairie.villedevantchaumont@orange.fr ","7 rue du Bois-des-Caures 55150 Ville-devant-Chaumont","https://www.mon-maire.fr/maire-de-ville-devant-chaumont-55"
"Grand Est","Wangenbourg-Engenthal (67710)","M. Daniel ACKER","31/05/2020","03 88 87 31 46"," mairie.wangenbourg.engenthal@orange.fr ","14 rue du Général-de-Gaulle 67710 Wangenbourg-Engenthal","https://www.mon-maire.fr/maire-de-wangenbourg-engenthal-67"
"Hauts-de-France","Abancourt (59268)","Mme Françoise LAINE","03/07/2020","03 27 79 90 44"," mairieabancourt@wanadoo.fr ","22 Grand'rue 59268 Abancourt","https://www.mon-maire.fr/maire-de-abancourt-59"
"Hauts-de-France","Aux Marais (60000)","M. Christophe TABARY","25/05/2020","03 44 48 21 64"," mairie.aux.marais@orange.fr ","Rue du 15-Janvier-1954 60000 Aux Marais","https://www.mon-maire.fr/maire-de-aux-marais-60"
"Hauts-de-France","Berteaucourt-les-Dames (80850)","M. Dominique MOREL","23/05/2020","03 22 52 90 17"," mairie.berteaucourt-les-dames@laposte.net ","90 rue Eugène-Letocart 80850 Berteaucourt-les-Dames","https://www.mon-maire.fr/maire-de-berteaucourt-les-dames-80"
"Hauts-de-France","Bray-lès-Mareuil (80580)","Mme Maryse DUBOS","05/07/2020","03 22 24 62 92"," commune.braylesmareuil@wanadoo.fr ","8 Grande rue 80580 Bray-lès-Mareuil","https://www.mon-maire.fr/maire-de-bray-les-mareuil-80"
"Hauts-de-France","Chacrise (02200)","M. Arnaud DELATTRE","27/05/2020","03 23 55 09 33"," mairiedechacrise@orange.fr ","Place de la Mairie 02200 Chacrise","https://www.mon-maire.fr/maire-de-chacrise-02"
"Hauts-de-France","Crépy-en-Valois (60800)","M. Bruno FORTIER","04/07/2020","03 44 59 44 44"," contact@crepyenvalois.fr ","2 avenue du Général-Leclerc 60800 Crépy-en-Valois","https://www.mon-maire.fr/maire-de-crepy-en-valois-60"
"Hauts-de-France","Équennes-Éramecourt (80290)","Mme Sabine CHELLE-POIRET","03/07/2020","03 22 90 19 92"," commune.equenneseramecourt@wanadoo.fr ","Place Michel-Graux 80290 Équennes-Éramecourt","https://www.mon-maire.fr/maire-de-equennes-eramecourt-80"
"Hauts-de-France","Fontenay-Torcy (60380)","M. Alain BOUTELEUX","25/05/2020","03 44 82 25 12"," mairie.fontenaytorcy@orange.fr ","4 place Jeanne-Bullot 60380 Fontenay-Torcy","https://www.mon-maire.fr/maire-de-fontenay-torcy-60"
"Hauts-de-France","Grivesnes (80250)","Mme Anne-Marie PREVOST","25/05/2020","03 22 78 06 93"," mairie.grivesnes@laposte.net ","Place de Rouen 80250 Grivesnes","https://www.mon-maire.fr/maire-de-grivesnes-80"
"Hauts-de-France","Houlle (62910)","M. Hervé BERTELOOT","26/05/2020","03 21 93 12 15"," mairie.houlle@orange.fr ","12 route de Watten 62910 Houlle","https://www.mon-maire.fr/maire-de-houlle-62"
"Hauts-de-France","Le Boisle (80150)","Mme Odile DOUBLET","05/07/2020","03 22 29 21 02"," mairie.leboisle@wanadoo.fr ","38 route Nationale 80150 Le Boisle","https://www.mon-maire.fr/maire-de-le-boisle-80"
"Hauts-de-France","Luzoir (02500)","M. Jérémy CHOULETTE","23/05/2020","03 23 97 45 43"," commune.luzoir@orange.fr ","16 place de l'Église 02500 Luzoir","https://www.mon-maire.fr/maire-de-luzoir-02"
"Hauts-de-France","Monchecourt (59234)","M. Jean SAVARY","23/05/2020","03 27 80 90 21"," mairiemonchecourt@orange.fr ","Place Maxime-Beghin 59234 Monchecourt","https://www.mon-maire.fr/maire-de-monchecourt-59"
"Hauts-de-France","Nogent-l'Artaud (02310)","M. Dominique DUCLOS","23/05/2020","03 23 70 01 18"," mairie.nogent.lartaud@wanadoo.fr ","34 rue Ernest-Vallée 02310 Nogent-l'Artaud","https://www.mon-maire.fr/maire-de-nogent-lartaud-02"
"Hauts-de-France","Pont-sur-Sambre (59138)","M. Michel DÉTRAIT","23/05/2020","03 27 67 22 22"," mairie.pontsursambre@wanadoo.fr ","30 rue de Quartes 59138 Pont-sur-Sambre","https://www.mon-maire.fr/maire-de-pont-sur-sambre-59"
"Hauts-de-France","Romery (02120)","M. Marcel DECORTE","23/05/2020","03 23 60 20 31"," mairieromery@orange.fr ","Rue des Fontaines 02120 Romery","https://www.mon-maire.fr/maire-de-romery-02"
"Hauts-de-France","Saint-Souplet (59360)","M. Henri QUONIOU","23/05/2020","03 27 84 01 26"," mairie.st.souplet@wanadoo.fr ","2 rue de la Haie-Menneresse 59360 Saint-Souplet","https://www.mon-maire.fr/maire-de-saint-souplet-59"
"Hauts-de-France","Thiescourt (60310)","M. François GOMEZ","26/05/2020","03 44 43 62 27"," mairie@thiescourt.fr ","12 rue de l'Église 60310 Thiescourt","https://www.mon-maire.fr/maire-de-thiescourt-60"
"Hauts-de-France","Villembray (60650)","Mme Christelle ROUSSEAU","25/05/2020","03 44 80 47 22"," mairie-villembray@orange.fr ","1 rue de l'Église 60650 Villembray","https://www.mon-maire.fr/maire-de-villembray-60"
"Ile-de-France","Abbéville-la-Rivière (91150)","M. Eric MEYER","23/05/2020","01 64 95 67 37"," mairie-abbeville-la-riviere@wanadoo.fr ","1 place de la Mairie 91150 Abbéville-la-Rivière","https://www.mon-maire.fr/maire-de-abbeville-la-riviere-91"
"Ile-de-France","Chailly-en-Bière (77930)","M. Alain THIERY","25/05/2020","01 60 66 43 41"," mairie@chaillyenbiere.fr ","2 place du Général-Leclerc 77930 Chailly-en-Bière","https://www.mon-maire.fr/maire-de-chailly-en-biere-77"
"Ile-de-France","Férolles-Attilly (77150)","Mme Anne-Laure FONTBONNE","27/05/2020","01 60 02 21 48"," mairie@ferolles-attilly.fr ","45 Grande rue 77150 Férolles-Attilly","https://www.mon-maire.fr/maire-de-ferolles-attilly-77"
"Ile-de-France","Le Châtelet-en-Brie (77820)","Mme Patricia TORCOL","25/05/2020","01 60 69 40 40"," mairie@chatelet-en-brie.fr ","Place de l'Hôtel-de-Ville 77820 Le Châtelet-en-Brie","https://www.mon-maire.fr/maire-de-le-chatelet-en-brie-77"
"Ile-de-France","Montigny-lès-Cormeilles (95370)","M. Jean-Noël CARPENTIER","03/07/2020","01 30 26 30 26"," secretariatgeneral@ville-montigny95.fr ","3 avenue Aristide-Maillol 14 rue Fortuné-Charlot BP 90237 95370 Montigny-lès-Cormeilles","https://www.mon-maire.fr/maire-de-montigny-les-cormeilles-95"
"Ile-de-France","Saint-Fargeau-Ponthierry (77310)","Mme Séverine FELIX-BORON","04/07/2020","01 60 65 20 20"," contact@saint-fargeau-ponthierry.fr ","185 avenue de Fontainebleau 77310 Saint-Fargeau-Ponthierry","https://www.mon-maire.fr/maire-de-saint-fargeau-ponthierry-77"
"Ile-de-France","Ville-Saint-Jacques (77130)","M. Francis DUCHATEAU","25/05/2020","01 60 96 66 01"," mairie.ville.st.jacques@wanadoo.fr ","52 rue Grande 77130 Ville-Saint-Jacques","https://www.mon-maire.fr/maire-de-ville-saint-jacques-77"
"Normandie","Ablon (14600)","M. Xavier CANU","25/05/2020","02 31 98 76 04"," ablon@orange.fr ","Le Bourg 14600 Ablon","https://www.mon-maire.fr/maire-de-ablon-14"
"Normandie","Bénarville (76110)","Mme Isabelle GEULIN","23/05/2020","02 35 27 72 41"," mairiedebenarville@wanadoo.fr ","1 le Bourg 76110 Bénarville","https://www.mon-maire.fr/maire-de-benarville-76"
"Normandie","Calleville (27800)","M. Frédéric SCRIBOT","18/05/2020","02 32 44 25 27"," calleville.mairie@wanadoo.fr ","29 rue Jules-Quatrenoix 27800 Calleville","https://www.mon-maire.fr/maire-de-calleville-27"
"Normandie","Criel-sur-Mer (76910)","M. Alain TROUESSIN","27/05/2020","02 35 50 51 20"," mairie@criel-sur-mer.fr ","Place du Général-de-Gaulle 76910 Criel-sur-Mer","https://www.mon-maire.fr/maire-de-criel-sur-mer-76"
"Normandie","Flottemanville (50700)","M. Hubert LEMONNIER","23/05/2020","02 33 40 24 38"," mairieflottemanville@orange.fr ","Le Ruage 50700 Flottemanville","https://www.mon-maire.fr/maire-de-flottemanville-50"
"Normandie","Héloup (61250)","M. Luis MEIRELES","03/07/2020","02 33 26 42 94"," mairie.hesloup@wanadoo.fr ","12 route de Saint-Germain-du-Corbéis 61250 Héloup","https://www.mon-maire.fr/maire-de-heloup-61"
"Normandie","La Trinité (27930)","M. Jean-Luc MOMPER","18/05/2020","02 32 67 09 87"," mairie-de-la.trinite@akeonet.com ","6 rue Philomène-Leveau 27930 La Trinité","https://www.mon-maire.fr/maire-de-la-trinite-27"
"Normandie","Les Loges-sur-Brécey (50370)","M. Mikaël BERHAULT","28/05/2020","02 33 68 39 82"," mairie.leslogessurbrecey@orange.fr ","Le Bourg 50370 Les Loges-sur-Brécey","https://www.mon-maire.fr/maire-de-les-loges-sur-brecey-50"
"Normandie","Monfréville (14230)","M. René DEBAYEUX","26/05/2020","02 31 22 08 02"," mairiemonfreville@ozone.net ","Le Bourg 14230 Monfréville","https://www.mon-maire.fr/maire-de-monfreville-14"
"Normandie","Pierreval (76750)","Mme Sabrina HUBERT","27/05/2020","02 35 34 98 30"," mairie-sg.pierreval@orange.fr ","Place de l'Église 76750 Pierreval","https://www.mon-maire.fr/maire-de-pierreval-76"
"Normandie","Saint-Christophe-sur-Condé (27450)","M. Julien GARANCHER","18/05/2020","02 32 56 02 57"," mairie.stchristophesurconde@orange.fr ","Le Village 27450 Saint-Christophe-sur-Condé","https://www.mon-maire.fr/maire-de-saint-christophe-sur-conde-27"
"Normandie","Saint-Nicolas-de-Pierrepont (50250)","M. Yves CANONNE","07/07/2020","02 33 46 23 80"," mairie.stnicolasdepierrepont@wanadoo.fr ","Le Bourg 50250 Saint-Nicolas-de-Pierrepont","https://www.mon-maire.fr/maire-de-saint-nicolas-de-pierrepont-50"
"Normandie","Sigy-en-Bray (76780)","Mme Sabrina GOULAY","25/05/2020","02 35 90 74 62"," mairie-sigy-en-bray@wanadoo.fr ","59 rue Saint-Martin 76780 Sigy-en-Bray","https://www.mon-maire.fr/maire-de-sigy-en-bray-76"
"Normandie","Vieux-Rouen-sur-Bresle (76390)","M. Bruno BORGOO","26/05/2020","02 35 93 45 19"," mairie-de-vieux-rouen-sur-bresle@wanadoo.fr ","3 place de la Mairie 76390 Vieux-Rouen-sur-Bresle","https://www.mon-maire.fr/maire-de-vieux-rouen-sur-bresle-76"
"Nouvelle-Aquitaine","Aast (64460)","M. Jean-François GARNIER","28/05/2020","05 62 32 57 00"," mairie.aast@wanadoo.fr ","1 place de la Mairie 64460 Aast","https://www.mon-maire.fr/maire-de-aast-64"
"Nouvelle-Aquitaine","Astis (64450)","M. Alain CAÏE","26/05/2020","05 59 68 90 11"," mairie.astis@wanadoo.fr ","22 chemin de l'Église 64450 Astis","https://www.mon-maire.fr/maire-de-astis-64"
"Nouvelle-Aquitaine","Béost (64440)","M. Jean-François REGNIER","23/05/2020","05 59 05 31 93"," commune-de-beost@wanadoo.fr ","Le Bourg 64440 Béost","https://www.mon-maire.fr/maire-de-beost-64"
"Nouvelle-Aquitaine","Brettes (16240)","M. Thierry ANDRE","23/05/2020","05 45 31 75 28"," mairie.brettes@wanadoo.fr ","2 allée des Platanes 16240 Brettes","https://www.mon-maire.fr/maire-de-brettes-16"
"Nouvelle-Aquitaine","Cérons (33720)","M. Jean-Patrick SOULÉ","25/05/2020","05 56 27 01 17"," accueil@cerons.fr ","16 bis place Charles-de-Gaulle 33720 Cérons","https://www.mon-maire.fr/maire-de-cerons-33"
"Nouvelle-Aquitaine","Combrand (79140)","Mme Anne-Marie REVEAU","26/05/2020","05 49 81 04 00"," mairie.combrand@wanadoo.fr ","2 rue du Calvaire 79140 Combrand","https://www.mon-maire.fr/maire-de-combrand-79"
"Nouvelle-Aquitaine","Épenède (16490)","M. Philippe  Eric  Jules DENIMAL","23/05/2020","05 45 89 65 08"," mairie-epenede@wanadoo.fr ","1 place de la Mairie 16490 Épenède","https://www.mon-maire.fr/maire-de-epenede-16"
"Nouvelle-Aquitaine","Genac-Bignac (16170)","M. Franc PINAUD","25/05/2020","05 45 21 72 06"," mairie-genac@wanadoo.fr ","Genac 1 place de la Mairie 16170 Genac-Bignac","https://www.mon-maire.fr/maire-de-genac-bignac-16"
"Nouvelle-Aquitaine","Jusix (47180)","M. Laurent CAPELLE","25/05/2020","05 53 94 28 24"," communedejusix.47@wanadoo.fr ","Le Bourg 47180 Jusix","https://www.mon-maire.fr/maire-de-jusix-47"
"Nouvelle-Aquitaine","Lalongue (64350)","Mme Martine HURBAIN","28/05/2020","05 59 68 50 02"," mairie.lalongue@wanadoo.fr ","1 route Burosse 64350 Lalongue","https://www.mon-maire.fr/maire-de-lalongue-64"
"Nouvelle-Aquitaine","Les Gonds (17100)","M. Alexandre GRENOT","23/05/2020","05 46 93 18 11"," mairie-les-gonds@wanadoo.fr ","9 rue Maurice-Ravel 17100 Les Gonds","https://www.mon-maire.fr/maire-de-les-gonds-17"
"Nouvelle-Aquitaine","Malleret (23260)","M. Michel LACROCQ","23/05/2020","05 55 67 86 91"," mairiedemalleret@orange.fr ","Le Bourg 23260 Malleret","https://www.mon-maire.fr/maire-de-malleret-23"
"Nouvelle-Aquitaine","Monmadalès (24560)","M. Serge TABOURET","18/05/2020","05 53 58 74 54"," mairie.monmadales@wanadoo.fr ","Le Bourg 24560 Monmadalès","https://www.mon-maire.fr/maire-de-monmadales-24"
"Nouvelle-Aquitaine","Nomdieu (47600)","M. Jean-Pierre LUSSAGNET","24/05/2020","05 53 65 47 25"," mairie.nomdieu@wanadoo.fr ","1 place de la Commanderie 47600 Nomdieu","https://www.mon-maire.fr/maire-de-nomdieu-47"
"Nouvelle-Aquitaine","Pontacq (64530)","M. Didier LARRAZABAL","26/05/2020","05 59 53 50 05"," contact@ville-pontacq.fr ","Place Huningue 64530 Pontacq","https://www.mon-maire.fr/maire-de-pontacq-64"
"Nouvelle-Aquitaine","Saint-Agne (24520)","M. Serge MERILLOU","18/05/2020","05 53 23 36 23"," mairie.saint-agne@wanadoo.fr ","Le Bourg 24520 Saint-Agne","https://www.mon-maire.fr/maire-de-saint-agne-24"
"Nouvelle-Aquitaine","Saint-Georges-Blancaneix (24130)","M. Francis BLONDIN","18/05/2020","05 53 58 07 95"," mairie.stgeorgesdeblancaneix@orange.fr ","Le Bourg 24130 Saint-Georges-Blancaneix","https://www.mon-maire.fr/maire-de-saint-georges-blancaneix-24"
"Nouvelle-Aquitaine","Saint-Martin-Curton (47700)","M. Jean-Paul GLORYS","04/07/2020","05 53 93 06 38"," mairie.stmartincurton@wanadoo.fr ","Le Bourg 47700 Saint-Martin-Curton","https://www.mon-maire.fr/maire-de-saint-martin-curton-47"
"Nouvelle-Aquitaine","Saint-Romans-des-Champs (79230)","Mme Sophie BROSSARD","26/05/2020","05 49 26 48 09"," mairie.stromansdeschamps@wanadoo.fr ","15 Grand'rue 79230 Saint-Romans-des-Champs","https://www.mon-maire.fr/maire-de-saint-romans-des-champs-79"
"Nouvelle-Aquitaine","Salon-la-Tour (19510)","M. Jean Claude CHAUFFOUR","04/07/2020","05 55 98 88 13"," mairiesalonlatour19@orange.fr ","9 place de la Mairie 19510 Salon-la-Tour","https://www.mon-maire.fr/maire-de-salon-la-tour-19"
"Nouvelle-Aquitaine","Tanzac (17260)","M. Cyril ARRIVÉ","25/05/2020","05 46 94 24 97"," mairie@tanzac.fr ","15 rue René-Gendron 17260 Tanzac","https://www.mon-maire.fr/maire-de-tanzac-17"
"Nouvelle-Aquitaine","Veyrignac (24370)","Mme Lisette GENDRE","18/05/2020","05 53 28 65 50"," mairie.veyrignac@wanadoo.fr ","Le Bourg 24370 Veyrignac","https://www.mon-maire.fr/maire-de-veyrignac-24"
"Occitanie","Abeilhan (34290)","M. Pierre-Jean ROUGEOT","25/05/2020","04 67 39 00 21"," mairie.abeilhan@wanadoo.fr ","11 avenue Georges-Guynemer 34290 Abeilhan","https://www.mon-maire.fr/maire-de-abeilhan-34"
"Occitanie","Aubussargues (30190)","M. Christian CHABALIER","26/05/2020","04 66 81 21 77"," mairie@aubussargues.fr ","Rue de la Mairie 30190 Aubussargues","https://www.mon-maire.fr/maire-de-aubussargues-30"
"Occitanie","Belbèze-en-Lomagne (82500)","M. Jean-Luc ISSANCHOU","25/05/2020","05 63 20 75 27"," mairie-belbeze@info82.com ","1 place du 19-Mars-1962 82500 Belbèze-en-Lomagne","https://www.mon-maire.fr/maire-de-belbeze-en-lomagne-82"
"Occitanie","Bréau-Mars (30120)","M. Alain DURAND","26/05/2020","04 67 81 28 16"," mairie-mars@orange.fr ","Le Village 30120 Bréau-Mars","https://www.mon-maire.fr/maire-de-breau-mars-30"
"Occitanie","Castanet-le-Haut (34610)","M. Max ALLIES","23/05/2020","04 67 23 60 49"," castanetlehaut@orange.fr ","Le Village 2 rue de la Mairie 34610 Castanet-le-Haut","https://www.mon-maire.fr/maire-de-castanet-le-haut-34"
"Occitanie","Clermont-l'Hérault (34800)","M. Gérard BESSIERE","03/07/2020","04 67 88 87 00"," accueil.mairie@ville-clermont-herault.fr ","Place de la Victoire BP 1 34800 Clermont-l'Hérault","https://www.mon-maire.fr/maire-de-clermont-lherault-34"
"Occitanie","Ens (65170)","Mme Luce CONSTANTIN","25/05/2020","05 62 39 56 09"," commune.ens@orange.fr ","Le Village 65170 Ens","https://www.mon-maire.fr/maire-de-ens-65"
"Occitanie","Francarville (31460)","M. Jean-Claude FIGNES","25/05/2020","05 61 83 37 93"," mairiefrancarville@orange.fr ","Lieu-dit L'Église 31460 Francarville","https://www.mon-maire.fr/maire-de-francarville-31"
"Occitanie","Haget (32730)","M. Marzouque RABER","18/05/2020","05 62 64 84 79"," mairie.haget@wanadoo.fr ","Place de la Mairie 32730 Haget","https://www.mon-maire.fr/maire-de-haget-32"
"Occitanie","Lacapelle-Livron (82160)","M. Didier MARTY","26/05/2020","05 63 67 04 29"," mairie-lacapelle.livron@info82.com ","Le Bourg 82160 Lacapelle-Livron","https://www.mon-maire.fr/maire-de-lacapelle-livron-82"
"Occitanie","Lavercantière (46340)","M. Gilles VILARD","25/05/2020","05 65 41 54 11"," mairielavercantiere@wanadoo.fr ","1 place de la Paix 46340 Lavercantière","https://www.mon-maire.fr/maire-de-lavercantiere-46"
"Occitanie","Lissac-et-Mouret (46100)","M. Philippe UNAL","23/05/2020","05 65 34 42 00"," mairie.lissac@orange.fr ","Place Jean-Moulin 46100 Lissac-et-Mouret","https://www.mon-maire.fr/maire-de-lissac-et-mouret-46"
"Occitanie","Mauressac (31190)","M. Wilfrid Georges René PASQUET","23/05/2020","05 61 50 62 00"," mairiedemauressac@wanadoo.fr ","8 route de Lézat 31190 Mauressac","https://www.mon-maire.fr/maire-de-mauressac-31"
"Occitanie","Montclar (11250)","Mme Anne BARTHE-LASCORZ","25/05/2020","04 68 26 86 09"," mairie.montclar11@orange.fr ","4 rue de la Mairie 11250 Montclar","https://www.mon-maire.fr/maire-de-montclar-11"
"Occitanie","Nistos (65150)","M. Fernand CAMPAN","28/05/2020","05 62 99 03 27"," commune.nistos@wanadoo.fr ","Le Village 65150 Nistos","https://www.mon-maire.fr/maire-de-nistos-65"
"Occitanie","Piquecos (82130)","Mme Christèle GARCIA","28/05/2020","05 63 31 34 38"," com.piquecos@orange.fr ","20 place du Village 82130 Piquecos","https://www.mon-maire.fr/maire-de-piquecos-82"
"Occitanie","Rennes-les-Bains (11190)","M. André AUTHIER","27/05/2020","04 68 69 87 95"," mairie.rennes.les.bains@gmail.com ","11 Grand'rue de la Mairie 11190 Rennes-les-Bains","https://www.mon-maire.fr/maire-de-rennes-les-bains-11"
"Occitanie","Saint-Caprais (32200)","M. Philippe GINESTE","18/05/2020","05 62 65 99 39"," mairie.stcaprais@ozone.net ","Le Village 32200 Saint-Caprais","https://www.mon-maire.fr/maire-de-saint-caprais-32"
"Occitanie","Saint-Laurent-de-Muret (48100)","M. Pierre REY","23/05/2020","04 66 32 20 40"," mairie.st.laurent.le.muret@wanadoo.fr ","Le Bourg 48100 Saint-Laurent-de-Muret","https://www.mon-maire.fr/maire-de-saint-laurent-de-muret-48"
"Occitanie","Sainte-Camelle (11410)","M. Bernard VIDAL","26/05/2020","04 68 60 35 74"," mairie.ste.camelle@orange.fr ","1 rue de la Mairie 11410 Sainte-Camelle","https://www.mon-maire.fr/maire-de-sainte-camelle-11"
"Occitanie","Serviès-en-Val (11220)","Mme Martine, Marie ESCANUELA","28/05/2020","04 68 24 08 40"," mairie.de.servies.en.val@orange.fr ","1 rue de l'Église 11220 Serviès-en-Val","https://www.mon-maire.fr/maire-de-servies-en-val-11"
"Occitanie","Troubat (65370)","M. Alain PORTE","23/05/2020","05 62 39 23 48"," mairietroubat@wanadoo.fr ","Place de la Mairie 65370 Troubat","https://www.mon-maire.fr/maire-de-troubat-65"
"Occitanie","Villeneuve (12260)","M. Jean-Pierre MASBOU","23/05/2020","05 65 81 60 38"," villeneuve-daveyron.mairie@wanadoo.fr ","1 place des Conques 12260 Villeneuve","https://www.mon-maire.fr/maire-de-villeneuve-12"
"Pays de la Loire","Abbaretz (44170)","M. Jean-Pierre POSSOZ","15/03/2020","02 40 87 00 13"," mairie@abbaretz.fr ","22 rue de la Mairie 44170 Abbaretz","https://www.mon-maire.fr/maire-de-abbaretz-44"
"Pays de la Loire","Chenay (72610)","M. Joseph LAMBERT","28/05/2020","02 33 32 24 64"," mairie-chenay72@wanadoo.fr ","Le Bourg 72610 Chenay","https://www.mon-maire.fr/maire-de-chenay-72"
"Pays de la Loire","La Bazouge-de-Chemeré (53170)","M. Franck LEGEAY","23/05/2020","02 43 90 51 07"," mairie.la.bazouge.de.chemere@wanadoo.fr ","1 rue du Pont 53170 La Bazouge-de-Chemeré","https://www.mon-maire.fr/maire-de-la-bazouge-de-chemere-53"
"Pays de la Loire","Longèves (85200)","M. Roger MAROT","27/05/2020","02 51 69 89 13"," mairie-longeves85@wanadoo.fr ","5 rue de la Pionnerie 85200 Longèves","https://www.mon-maire.fr/maire-de-longeves-85"
"Pays de la Loire","Poiroux (85440)","M. Edouard DE LA BASSETIERE","15/03/2020","02 51 96 22 56"," mairie.poiroux@wanadoo.fr ","116 rue du Payré 85440 Poiroux","https://www.mon-maire.fr/maire-de-poiroux-85"
"Pays de la Loire","Saint-Martin-du-Limet (53800)","M. Aristide BOURBON","25/05/2020","02 43 06 43 02"," st.martin.limet@wanadoo.fr ","4 route de Nantes 53800 Saint-Martin-du-Limet","https://www.mon-maire.fr/maire-de-saint-martin-du-limet-53"
"Pays de la Loire","Vernoil-le-Fourrier (49390)","Mme Sylvie BEILLARD","18/05/2020","02 41 51 51 13"," mairie.vernoil@orange.fr ","14 rue de la Mairie 49390 Vernoil-le-Fourrier","https://www.mon-maire.fr/maire-de-vernoil-le-fourrier-49"
"Provence-Alpes-Côte d’Azur","Abriès-Ristolas (05460)","M. Nicolas CRUNCHANT","06/07/2020","04 92 46 71 03"," mairie@abries-ristolas.fr ","Le Bourg Place des Halles Abriès 05460 Abriès-Ristolas","https://www.mon-maire.fr/maire-de-abries-ristolas-05"
"Provence-Alpes-Côte d’Azur","Comps-sur-Artuby (83840)","M. Alain BARALE","23/05/2020","04 94 50 24 00"," mairie.compsurartuby@wanadoo.fr ","Place de la République 83840 Comps-sur-Artuby","https://www.mon-maire.fr/maire-de-comps-sur-artuby-83"
"Provence-Alpes-Côte d’Azur","Lagarde-d'Apt (84400)","Mme Elisabeth MURAT","26/05/2020","04 90 75 00 93"," mairiedelagardedapt@orange.fr ","Le Village 84400 Lagarde-d'Apt","https://www.mon-maire.fr/maire-de-lagarde-dapt-84"
"Provence-Alpes-Côte d’Azur","Pierrefeu (06910)","M. Marc BELVISI","23/05/2020","04 93 08 58 18"," mairie@pierrefeu-06.fr ","36 route du Vieux-Pierrefeu 06910 Pierrefeu","https://www.mon-maire.fr/maire-de-pierrefeu-06"
"Provence-Alpes-Côte d’Azur","Sault (84390)","M. Claude LABRO","29/05/2020","04 90 64 02 30"," mairie-sault-84@orange.fr ","Place du Marché BP 2 84390 Sault","https://www.mon-maire.fr/maire-de-sault-84"
"Guadeloupe","Anse-Bertrand (97121)","M. Edouard DELTA","05/07/2020","+590 5 90 89 48 48"," commune@mairieansebertrand.fr ","Rue Cheikh-Anta-Diop 97121 Anse-Bertrand","https://www.mon-maire.fr/maire-de-anse-bertrand-971"
"Guyane","Apatou (97317)","M. Paul DOLIANKI","24/05/2020","+594 5 94 34 91 37"," mairie.apatou@wanadoo.fr ","23, avenue du Général-de-Gaulle 97317 Apatou","https://www.mon-maire.fr/maire-de-apatou-973"
"La Réunion","Bras-Panon (97412)","M. Jeannick ATCHAPA","04/07/2020","+262 2 62 51 50 50"," mairebraspanon@wanadoo.fr ","89 route nationale 2 97412 Bras-Panon","https://www.mon-maire.fr/maire-de-bras-panon-974"
"Martinique","Basse-Pointe (97218)","Mme Marie-Thérèse CASIMIRIUS","18/05/2020","+596 5 96 78 50 44"," mairie.basse-pointe@orange.fr ","22 rue Docteur-Morestin A.K.R. 97218 Basse-Pointe","https://www.mon-maire.fr/maire-de-basse-pointe-972"
"Mayotte","Acoua (97630)","M. Ahmed Darouechi","","+269 2 69 62 18 81"," mairie.acoua@orange.fr ","Place de la Mairie 97630 Acoua","https://www.mon-maire.fr/maire-de-acoua-976"